{"fmus":{"{ArduCopter}":"file:///C:/source/case-study_UAV/into-cps/co-sim/FMUs/ArduCopter.fmu","{Ardupilot}":"file:///C:/source/case-study_UAV/into-cps/co-sim/FMUs/Ardupilot.fmu"},"connections":{"{ArduCopter}.ArduCopter.gpsVelX":["{Ardupilot}.Ardupilot.velocityX"],"{ArduCopter}.ArduCopter.gpsVelZ":["{Ardupilot}.Ardupilot.velocityZ"],"{ArduCopter}.ArduCopter.gpsVelY":["{Ardupilot}.Ardupilot.velocityY"],"{ArduCopter}.ArduCopter.accelerometerX":["{Ardupilot}.Ardupilot.accelerometerX"],"{ArduCopter}.ArduCopter.accelerometerZ":["{Ardupilot}.Ardupilot.accelerometerZ"],"{ArduCopter}.ArduCopter.accelerometerY":["{Ardupilot}.Ardupilot.accelerometerY"],"{ArduCopter}.ArduCopter.gyroZ":["{Ardupilot}.Ardupilot.gyroZ"],"{ArduCopter}.ArduCopter.gyroY":["{Ardupilot}.Ardupilot.gyroY"],"{ArduCopter}.ArduCopter.gyroX":["{Ardupilot}.Ardupilot.gyroX"],"{ArduCopter}.ArduCopter.gpsX":["{Ardupilot}.Ardupilot.locationLat"],"{ArduCopter}.ArduCopter.gpsY":["{Ardupilot}.Ardupilot.locationLong"],"{ArduCopter}.ArduCopter.gpsZ":["{Ardupilot}.Ardupilot.locationAlt"],"{Ardupilot}.Ardupilot.motor4":["{ArduCopter}.ArduCopter.motorSetpoint4"],"{Ardupilot}.Ardupilot.motor3":["{ArduCopter}.ArduCopter.motorSetpoint3"],"{Ardupilot}.Ardupilot.motor2":["{ArduCopter}.ArduCopter.motorSetpoint2"],"{Ardupilot}.Ardupilot.motor1":["{ArduCopter}.ArduCopter.motorSetpoint1"]},"parameters":{},"livestream":{"{ArduCopter}.ArduCopter":["gpsZ"]},"algorithm":{"type":"var-step","initsize":0.0005,"size":[0.0005,1],"constraints":{}}}