{"fmus":{"{de}":"file:///C:/source/case-study_UAV/into-cps/co-sim/FMUs/de_uav.fmu","{ct}":"file:///C:/source/case-study_UAV/into-cps/co-sim/FMUs/ArduCopter.fmu"},"connections":{"{de}.de.motor1":["{ct}.ct.motorSetpoint1"],"{de}.de.motor2":["{ct}.ct.motorSetpoint2"],"{de}.de.motor3":["{ct}.ct.motorSetpoint3"],"{de}.de.motor4":["{ct}.ct.motorSetpoint4"],"{ct}.ct.gpsX":["{de}.de.locationLat"],"{ct}.ct.gpsY":["{de}.de.locationLong"],"{ct}.ct.gpsZ":["{de}.de.locationAlt"],"{ct}.ct.gpsVelX":["{de}.de.velocityX"],"{ct}.ct.gpsVelY":["{de}.de.velocityY"],"{ct}.ct.gpsVelZ":["{de}.de.velocityZ"]},"parameters":{},"livestream":{},"algorithm":{"type":"fixed-step","size":0.1}}