{"fmus":{"{DEIns}":"file:///C:/source/case-study_UAV/into-cps/co-sim/FMUs/Ardupilot.fmu","{CTIns}":"file:///C:/source/case-study_UAV/into-cps/co-sim/FMUs/ArduCopter.fmu"},"connections":{"{DEIns}.DEIns.motor1":["{CTIns}.CTIns.motorSetpoint1"],"{DEIns}.DEIns.motor2":["{CTIns}.CTIns.motorSetpoint2"],"{DEIns}.DEIns.motor3":["{CTIns}.CTIns.motorSetpoint3"],"{DEIns}.DEIns.motor4":["{CTIns}.CTIns.motorSetpoint4"],"{CTIns}.CTIns.gpsVelX":["{DEIns}.DEIns.velocityX"],"{CTIns}.CTIns.gpsVelY":["{DEIns}.DEIns.velocityY"],"{CTIns}.CTIns.gpsZ":["{DEIns}.DEIns.locationAlt"],"{CTIns}.CTIns.gpsVelZ":["{DEIns}.DEIns.velocityZ"],"{CTIns}.CTIns.accelerometerX":["{DEIns}.DEIns.accelerometerX"],"{CTIns}.CTIns.gpsY":["{DEIns}.DEIns.locationLong"],"{CTIns}.CTIns.gpsX":["{DEIns}.DEIns.locationLat"],"{CTIns}.CTIns.accelerometerZ":["{DEIns}.DEIns.accelerometerZ"],"{CTIns}.CTIns.accelerometerY":["{DEIns}.DEIns.accelerometerY"],"{CTIns}.CTIns.gyroZ":["{DEIns}.DEIns.gyroZ"],"{CTIns}.CTIns.gyroY":["{DEIns}.DEIns.gyroY"],"{CTIns}.CTIns.gyroX":["{DEIns}.DEIns.gyroX"]},"parameters":{},"livestream":{"{CTIns}.CTIns":["gpsZ"]},"algorithm":{"type":"var-step","initsize":0.00005,"size":[0.0005,1],"constraints":{}}}